Category,Item,Price,Date,Week,Month,Sales,Revenue
Outerwear,Winter Coat,116.99,2024-01-01,Week 1,January,54,6317.4
Outerwear,Winter Coat,116.99,2024-01-08,Week 2,January,87,10178.04
Outerwear,Winter Coat,116.99,2024-01-15,Week 3,January,87,10178.04
Outerwear,Winter Coat,116.99,2024-01-22,Week 4,January,78,9125.14
Outerwear,Winter Coat,116.99,2024-01-29,Week 5,January,53,6200.42
Outerwear,Winter Coat,116.99,2024-02-05,Week 6,February,49,5732.46
Outerwear,Winter Coat,116.99,2024-02-12,Week 7,February,17,1988.81
Outerwear,Winter Coat,116.99,2024-02-19,Week 8,February,121,14155.66
Outerwear,Winter Coat,116.99,2024-02-26,Week 9,February,53,6200.42
Outerwear,Winter Coat,116.99,2024-03-04,Week 10,March,37,4328.59
Outerwear,Winter Coat,116.99,2024-03-11,Week 11,March,40,4679.56
Outerwear,Winter Coat,116.99,2024-03-18,Week 12,March,60,7019.34
Outerwear,Winter Coat,116.99,2024-03-25,Week 13,March,44,5147.51
Outerwear,Winter Coat,116.99,2024-04-01,Week 14,April,23,2690.75
Outerwear,Winter Coat,116.99,2024-04-08,Week 15,April,23,2690.75
Outerwear,Winter Coat,116.99,2024-04-15,Week 16,April,47,5498.48
Outerwear,Winter Coat,116.99,2024-04-22,Week 17,April,23,2690.75
Outerwear,Winter Coat,116.99,2024-04-29,Week 18,April,26,3041.71
Outerwear,Winter Coat,116.99,2024-05-06,Week 19,May,28,3275.69
Outerwear,Winter Coat,116.99,2024-05-13,Week 20,May,30,3509.67
Outerwear,Winter Coat,116.99,2024-05-20,Week 21,May,31,3626.66
Outerwear,Winter Coat,116.99,2024-05-27,Week 22,May,32,3743.65
Outerwear,Winter Coat,116.99,2024-06-03,Week 23,June,17,1988.81
Outerwear,Winter Coat,116.99,2024-06-10,Week 24,June,19,2222.79
Outerwear,Winter Coat,116.99,2024-06-17,Week 25,June,11,1286.88
Outerwear,Winter Coat,116.99,2024-06-24,Week 26,June,7,818.92
Outerwear,Winter Coat,116.99,2024-07-01,Week 27,July,9,1052.9
Outerwear,Winter Coat,116.99,2024-07-08,Week 28,July,11,1286.88
Outerwear,Winter Coat,116.99,2024-07-15,Week 29,July,18,2105.8
Outerwear,Winter Coat,116.99,2024-07-22,Week 30,July,19,2222.79
Outerwear,Winter Coat,116.99,2024-07-29,Week 31,July,11,1286.88
Outerwear,Winter Coat,116.99,2024-08-05,Week 32,August,22,2573.76
Outerwear,Winter Coat,116.99,2024-08-12,Week 33,August,10,1169.89
Outerwear,Winter Coat,116.99,2024-08-19,Week 34,August,30,3509.67
Outerwear,Winter Coat,116.99,2024-08-26,Week 35,August,34,3977.62
Outerwear,Winter Coat,116.99,2024-09-02,Week 36,September,33,3860.64
Outerwear,Winter Coat,116.99,2024-09-09,Week 37,September,29,3392.68
Outerwear,Winter Coat,116.99,2024-09-16,Week 38,September,43,5030.53
Outerwear,Winter Coat,116.99,2024-09-23,Week 39,September,56,6551.38
Outerwear,Winter Coat,116.99,2024-09-30,Week 40,September,44,5147.51
Outerwear,Winter Coat,116.99,2024-10-07,Week 41,October,43,5030.53
Outerwear,Winter Coat,116.99,2024-10-14,Week 42,October,47,5498.48
Outerwear,Winter Coat,116.99,2024-10-21,Week 43,October,34,3977.62
Outerwear,Winter Coat,116.99,2024-10-28,Week 44,October,90,10529.01
Outerwear,Winter Coat,116.99,2024-11-04,Week 45,November,68,7955.25
Outerwear,Winter Coat,116.99,2024-11-11,Week 46,November,36,4211.6
Outerwear,Winter Coat,116.99,2024-11-18,Week 47,November,60,7019.34
Outerwear,Winter Coat,116.99,2024-11-25,Week 48,November,152,17782.32
Outerwear,Winter Coat,116.99,2024-12-02,Week 49,December,222,25971.55
Outerwear,Winter Coat,116.99,2024-12-09,Week 50,December,127,14857.6
Outerwear,Winter Coat,116.99,2024-12-16,Week 51,December,137,16027.49
Outerwear,Winter Coat,116.99,2024-12-23,Week 52,December,148,17314.37
Outerwear,Winter Coat,116.99,2024-12-30,Week 53,December,136,15910.5
Outerwear,Light Jacket,85.09,2024-01-01,Week 1,January,98,8338.65
Outerwear,Light Jacket,85.09,2024-01-08,Week 2,January,94,7998.29
Outerwear,Light Jacket,85.09,2024-01-15,Week 3,January,61,5190.38
Outerwear,Light Jacket,85.09,2024-01-22,Week 4,January,78,6636.88
Outerwear,Light Jacket,85.09,2024-01-29,Week 5,January,52,4424.59
Outerwear,Light Jacket,85.09,2024-02-05,Week 6,February,95,8083.38
Outerwear,Light Jacket,85.09,2024-02-12,Week 7,February,113,9614.97
Outerwear,Light Jacket,85.09,2024-02-19,Week 8,February,34,2893.0
Outerwear,Light Jacket,85.09,2024-02-26,Week 9,February,52,4424.59
Outerwear,Light Jacket,85.09,2024-03-04,Week 10,March,41,3488.62
Outerwear,Light Jacket,85.09,2024-03-11,Week 11,March,78,6636.88
Outerwear,Light Jacket,85.09,2024-03-18,Week 12,March,40,3403.53
Outerwear,Light Jacket,85.09,2024-03-25,Week 13,March,53,4509.68
Outerwear,Light Jacket,85.09,2024-04-01,Week 14,April,41,3488.62
Outerwear,Light Jacket,85.09,2024-04-08,Week 15,April,45,3828.97
Outerwear,Light Jacket,85.09,2024-04-15,Week 16,April,51,4339.5
Outerwear,Light Jacket,85.09,2024-04-22,Week 17,April,20,1701.76
Outerwear,Light Jacket,85.09,2024-04-29,Week 18,April,19,1616.68
Outerwear,Light Jacket,85.09,2024-05-06,Week 19,May,24,2042.12
Outerwear,Light Jacket,85.09,2024-05-13,Week 20,May,15,1276.32
Outerwear,Light Jacket,85.09,2024-05-20,Week 21,May,17,1446.5
Outerwear,Light Jacket,85.09,2024-05-27,Week 22,May,16,1361.41
Outerwear,Light Jacket,85.09,2024-06-03,Week 23,June,17,1446.5
Outerwear,Light Jacket,85.09,2024-06-10,Week 24,June,16,1361.41
Outerwear,Light Jacket,85.09,2024-06-17,Week 25,June,19,1616.68
Outerwear,Light Jacket,85.09,2024-06-24,Week 26,June,20,1701.76
Outerwear,Light Jacket,85.09,2024-07-01,Week 27,July,11,935.97
Outerwear,Light Jacket,85.09,2024-07-08,Week 28,July,7,595.62
Outerwear,Light Jacket,85.09,2024-07-15,Week 29,July,17,1446.5
Outerwear,Light Jacket,85.09,2024-07-22,Week 30,July,14,1191.24
Outerwear,Light Jacket,85.09,2024-07-29,Week 31,July,16,1361.41
Outerwear,Light Jacket,85.09,2024-08-05,Week 32,August,32,2722.82
Outerwear,Light Jacket,85.09,2024-08-12,Week 33,August,30,2552.65
Outerwear,Light Jacket,85.09,2024-08-19,Week 34,August,16,1361.41
Outerwear,Light Jacket,85.09,2024-08-26,Week 35,August,30,2552.65
Outerwear,Light Jacket,85.09,2024-09-02,Week 36,September,34,2893.0
Outerwear,Light Jacket,85.09,2024-09-09,Week 37,September,26,2212.29
Outerwear,Light Jacket,85.09,2024-09-16,Week 38,September,65,5530.74
Outerwear,Light Jacket,85.09,2024-09-23,Week 39,September,40,3403.53
Outerwear,Light Jacket,85.09,2024-09-30,Week 40,September,26,2212.29
Outerwear,Light Jacket,85.09,2024-10-07,Week 41,October,81,6892.15
Outerwear,Light Jacket,85.09,2024-10-14,Week 42,October,81,6892.15
Outerwear,Light Jacket,85.09,2024-10-21,Week 43,October,68,5786.0
Outerwear,Light Jacket,85.09,2024-10-28,Week 44,October,49,4169.32
Outerwear,Light Jacket,85.09,2024-11-04,Week 45,November,52,4424.59
Outerwear,Light Jacket,85.09,2024-11-11,Week 46,November,84,7147.41
Outerwear,Light Jacket,85.09,2024-11-18,Week 47,November,86,7317.59
Outerwear,Light Jacket,85.09,2024-11-25,Week 48,November,154,13103.59
Outerwear,Light Jacket,85.09,2024-12-02,Week 49,December,243,20676.44
Outerwear,Light Jacket,85.09,2024-12-09,Week 50,December,91,7743.03
Outerwear,Light Jacket,85.09,2024-12-16,Week 51,December,51,4339.5
Outerwear,Light Jacket,85.09,2024-12-23,Week 52,December,120,10210.59
Outerwear,Light Jacket,85.09,2024-12-30,Week 53,December,206,17528.18
Outerwear,Raincoat,70.39,2024-01-01,Week 1,January,111,7813.65
Outerwear,Raincoat,70.39,2024-01-08,Week 2,January,140,9855.05
Outerwear,Raincoat,70.39,2024-01-15,Week 3,January,61,4293.99
Outerwear,Raincoat,70.39,2024-01-22,Week 4,January,104,7320.9
Outerwear,Raincoat,70.39,2024-01-29,Week 5,January,55,3871.63
Outerwear,Raincoat,70.39,2024-02-05,Week 6,February,63,4434.77
Outerwear,Raincoat,70.39,2024-02-12,Week 7,February,90,6335.39
Outerwear,Raincoat,70.39,2024-02-19,Week 8,February,144,10136.63
Outerwear,Raincoat,70.39,2024-02-26,Week 9,February,93,6546.57
Outerwear,Raincoat,70.39,2024-03-04,Week 10,March,53,3730.84
Outerwear,Raincoat,70.39,2024-03-11,Week 11,March,32,2252.58
Outerwear,Raincoat,70.39,2024-03-18,Week 12,March,78,5490.67
Outerwear,Raincoat,70.39,2024-03-25,Week 13,March,62,4364.38
Outerwear,Raincoat,70.39,2024-04-01,Week 14,April,37,2604.55
Outerwear,Raincoat,70.39,2024-04-08,Week 15,April,52,3660.45
Outerwear,Raincoat,70.39,2024-04-15,Week 16,April,37,2604.55
Outerwear,Raincoat,70.39,2024-04-22,Week 17,April,34,2393.37
Outerwear,Raincoat,70.39,2024-04-29,Week 18,April,34,2393.37
Outerwear,Raincoat,70.39,2024-05-06,Week 19,May,24,1689.44
Outerwear,Raincoat,70.39,2024-05-13,Week 20,May,20,1407.86
Outerwear,Raincoat,70.39,2024-05-20,Week 21,May,9,633.54
Outerwear,Raincoat,70.39,2024-05-27,Week 22,May,17,1196.69
Outerwear,Raincoat,70.39,2024-06-03,Week 23,June,10,703.93
Outerwear,Raincoat,70.39,2024-06-10,Week 24,June,18,1267.08
Outerwear,Raincoat,70.39,2024-06-17,Week 25,June,18,1267.08
Outerwear,Raincoat,70.39,2024-06-24,Week 26,June,7,492.75
Outerwear,Raincoat,70.39,2024-07-01,Week 27,July,31,2182.19
Outerwear,Raincoat,70.39,2024-07-08,Week 28,July,30,2111.8
Outerwear,Raincoat,70.39,2024-07-15,Week 29,July,13,915.11
Outerwear,Raincoat,70.39,2024-07-22,Week 30,July,17,1196.69
Outerwear,Raincoat,70.39,2024-07-29,Week 31,July,9,633.54
Outerwear,Raincoat,70.39,2024-08-05,Week 32,August,9,633.54
Outerwear,Raincoat,70.39,2024-08-12,Week 33,August,16,1126.29
Outerwear,Raincoat,70.39,2024-08-19,Week 34,August,31,2182.19
Outerwear,Raincoat,70.39,2024-08-26,Week 35,August,29,2041.4
Outerwear,Raincoat,70.39,2024-09-02,Week 36,September,21,1478.26
Outerwear,Raincoat,70.39,2024-09-09,Week 37,September,45,3167.7
Outerwear,Raincoat,70.39,2024-09-16,Week 38,September,57,4012.41
Outerwear,Raincoat,70.39,2024-09-23,Week 39,September,34,2393.37
Outerwear,Raincoat,70.39,2024-09-30,Week 40,September,19,1337.47
Outerwear,Raincoat,70.39,2024-10-07,Week 41,October,46,3238.09
Outerwear,Raincoat,70.39,2024-10-14,Week 42,October,92,6476.18
Outerwear,Raincoat,70.39,2024-10-21,Week 43,October,35,2463.76
Outerwear,Raincoat,70.39,2024-10-28,Week 44,October,55,3871.63
Outerwear,Raincoat,70.39,2024-11-04,Week 45,November,89,6265.0
Outerwear,Raincoat,70.39,2024-11-11,Week 46,November,98,6898.54
Outerwear,Raincoat,70.39,2024-11-18,Week 47,November,86,6053.82
Outerwear,Raincoat,70.39,2024-11-25,Week 48,November,270,19006.17
Outerwear,Raincoat,70.39,2024-12-02,Week 49,December,163,11474.1
Outerwear,Raincoat,70.39,2024-12-09,Week 50,December,101,7109.72
Outerwear,Raincoat,70.39,2024-12-16,Week 51,December,38,2674.94
Outerwear,Raincoat,70.39,2024-12-23,Week 52,December,207,14571.4
Outerwear,Raincoat,70.39,2024-12-30,Week 53,December,175,12318.82
Outerwear,Parka,163.84,2024-01-01,Week 1,January,114,18677.27
Outerwear,Parka,163.84,2024-01-08,Week 2,January,87,14253.71
Outerwear,Parka,163.84,2024-01-15,Week 3,January,55,9010.96
Outerwear,Parka,163.84,2024-01-22,Week 4,January,51,8355.62
Outerwear,Parka,163.84,2024-01-29,Week 5,January,101,16547.41
Outerwear,Parka,163.84,2024-02-05,Week 6,February,89,14581.38
Outerwear,Parka,163.84,2024-02-12,Week 7,February,109,17858.09
Outerwear,Parka,163.84,2024-02-19,Week 8,February,73,11960.01
Outerwear,Parka,163.84,2024-02-26,Week 9,February,60,9830.14
Outerwear,Parka,163.84,2024-03-04,Week 10,March,46,7536.44
Outerwear,Parka,163.84,2024-03-11,Week 11,March,56,9174.8
Outerwear,Parka,163.84,2024-03-18,Week 12,March,66,10813.16
Outerwear,Parka,163.84,2024-03-25,Week 13,March,44,7208.77
Outerwear,Parka,163.84,2024-04-01,Week 14,April,36,5898.09
Outerwear,Parka,163.84,2024-04-08,Week 15,April,49,8027.95
Outerwear,Parka,163.84,2024-04-15,Week 16,April,44,7208.77
Outerwear,Parka,163.84,2024-04-22,Week 17,April,40,6553.43
Outerwear,Parka,163.84,2024-04-29,Week 18,April,44,7208.77
Outerwear,Parka,163.84,2024-05-06,Week 19,May,29,4751.24
Outerwear,Parka,163.84,2024-05-13,Week 20,May,20,3276.71
Outerwear,Parka,163.84,2024-05-20,Week 21,May,29,4751.24
Outerwear,Parka,163.84,2024-05-27,Week 22,May,29,4751.24
Outerwear,Parka,163.84,2024-06-03,Week 23,June,20,3276.71
Outerwear,Parka,163.84,2024-06-10,Week 24,June,14,2293.7
Outerwear,Parka,163.84,2024-06-17,Week 25,June,13,2129.86
Outerwear,Parka,163.84,2024-06-24,Week 26,June,17,2785.21
Outerwear,Parka,163.84,2024-07-01,Week 27,July,14,2293.7
Outerwear,Parka,163.84,2024-07-08,Week 28,July,20,3276.71
Outerwear,Parka,163.84,2024-07-15,Week 29,July,10,1638.36
Outerwear,Parka,163.84,2024-07-22,Week 30,July,13,2129.86
Outerwear,Parka,163.84,2024-07-29,Week 31,July,13,2129.86
Outerwear,Parka,163.84,2024-08-05,Week 32,August,17,2785.21
Outerwear,Parka,163.84,2024-08-12,Week 33,August,31,5078.91
Outerwear,Parka,163.84,2024-08-19,Week 34,August,15,2457.54
Outerwear,Parka,163.84,2024-08-26,Week 35,August,16,2621.37
Outerwear,Parka,163.84,2024-09-02,Week 36,September,34,5570.41
Outerwear,Parka,163.84,2024-09-09,Week 37,September,37,6061.92
Outerwear,Parka,163.84,2024-09-16,Week 38,September,42,6881.1
Outerwear,Parka,163.84,2024-09-23,Week 39,September,37,6061.92
Outerwear,Parka,163.84,2024-09-30,Week 40,September,32,5242.74
Outerwear,Parka,163.84,2024-10-07,Week 41,October,45,7372.61
Outerwear,Parka,163.84,2024-10-14,Week 42,October,71,11632.34
Outerwear,Parka,163.84,2024-10-21,Week 43,October,46,7536.44
Outerwear,Parka,163.84,2024-10-28,Week 44,October,53,8683.29
Outerwear,Parka,163.84,2024-11-04,Week 45,November,96,15728.23
Outerwear,Parka,163.84,2024-11-11,Week 46,November,66,10813.16
Outerwear,Parka,163.84,2024-11-18,Week 47,November,76,12451.51
Outerwear,Parka,163.84,2024-11-25,Week 48,November,157,25722.21
Outerwear,Parka,163.84,2024-12-02,Week 49,December,209,34241.66
Outerwear,Parka,163.84,2024-12-09,Week 50,December,143,23428.51
Outerwear,Parka,163.84,2024-12-16,Week 51,December,75,12287.68
Outerwear,Parka,163.84,2024-12-23,Week 52,December,229,37518.38
Outerwear,Parka,163.84,2024-12-30,Week 53,December,100,16383.57
Tops,T-Shirt,24.82,2024-01-01,Week 1,January,56,1389.84
Tops,T-Shirt,24.82,2024-01-08,Week 2,January,27,670.1
Tops,T-Shirt,24.82,2024-01-15,Week 3,January,19,471.55
Tops,T-Shirt,24.82,2024-01-22,Week 4,January,47,1166.47
Tops,T-Shirt,24.82,2024-01-29,Week 5,January,46,1141.65
Tops,T-Shirt,24.82,2024-02-05,Week 6,February,75,1861.39
Tops,T-Shirt,24.82,2024-02-12,Week 7,February,69,1712.48
Tops,T-Shirt,24.82,2024-02-19,Week 8,February,68,1687.66
Tops,T-Shirt,24.82,2024-02-26,Week 9,February,45,1116.83
Tops,T-Shirt,24.82,2024-03-04,Week 10,March,39,967.92
Tops,T-Shirt,24.82,2024-03-11,Week 11,March,53,1315.38
Tops,T-Shirt,24.82,2024-03-18,Week 12,March,52,1290.56
Tops,T-Shirt,24.82,2024-03-25,Week 13,March,55,1365.02
Tops,T-Shirt,24.82,2024-04-01,Week 14,April,60,1489.11
Tops,T-Shirt,24.82,2024-04-08,Week 15,April,94,2332.94
Tops,T-Shirt,24.82,2024-04-15,Week 16,April,68,1687.66
Tops,T-Shirt,24.82,2024-04-22,Week 17,April,41,1017.56
Tops,T-Shirt,24.82,2024-04-29,Week 18,April,33,819.01
Tops,T-Shirt,24.82,2024-05-06,Week 19,May,60,1489.11
Tops,T-Shirt,24.82,2024-05-13,Week 20,May,117,2903.76
Tops,T-Shirt,24.82,2024-05-20,Week 21,May,51,1265.74
Tops,T-Shirt,24.82,2024-05-27,Week 22,May,59,1464.29
Tops,T-Shirt,24.82,2024-06-03,Week 23,June,87,2159.21
Tops,T-Shirt,24.82,2024-06-10,Week 24,June,144,3573.86
Tops,T-Shirt,24.82,2024-06-17,Week 25,June,122,3027.86
Tops,T-Shirt,24.82,2024-06-24,Week 26,June,66,1638.02
Tops,T-Shirt,24.82,2024-07-01,Week 27,July,114,2829.31
Tops,T-Shirt,24.82,2024-07-08,Week 28,July,96,2382.58
Tops,T-Shirt,24.82,2024-07-15,Week 29,July,35,868.65
Tops,T-Shirt,24.82,2024-07-22,Week 30,July,124,3077.49
Tops,T-Shirt,24.82,2024-07-29,Week 31,July,87,2159.21
Tops,T-Shirt,24.82,2024-08-05,Week 32,August,21,521.19
Tops,T-Shirt,24.82,2024-08-12,Week 33,August,99,2457.03
Tops,T-Shirt,24.82,2024-08-19,Week 34,August,60,1489.11
Tops,T-Shirt,24.82,2024-08-26,Week 35,August,57,1414.65
Tops,T-Shirt,24.82,2024-09-02,Week 36,September,66,1638.02
Tops,T-Shirt,24.82,2024-09-09,Week 37,September,50,1240.92
Tops,T-Shirt,24.82,2024-09-16,Week 38,September,64,1588.38
Tops,T-Shirt,24.82,2024-09-23,Week 39,September,44,1092.01
Tops,T-Shirt,24.82,2024-09-30,Week 40,September,45,1116.83
Tops,T-Shirt,24.82,2024-10-07,Week 41,October,28,694.92
Tops,T-Shirt,24.82,2024-10-14,Week 42,October,59,1464.29
Tops,T-Shirt,24.82,2024-10-21,Week 43,October,62,1538.75
Tops,T-Shirt,24.82,2024-10-28,Week 44,October,35,868.65
Tops,T-Shirt,24.82,2024-11-04,Week 45,November,25,620.46
Tops,T-Shirt,24.82,2024-11-11,Week 46,November,27,670.1
Tops,T-Shirt,24.82,2024-11-18,Week 47,November,20,496.37
Tops,T-Shirt,24.82,2024-11-25,Week 48,November,74,1836.57
Tops,T-Shirt,24.82,2024-12-02,Week 49,December,73,1811.75
Tops,T-Shirt,24.82,2024-12-09,Week 50,December,36,893.47
Tops,T-Shirt,24.82,2024-12-16,Week 51,December,47,1166.47
Tops,T-Shirt,24.82,2024-12-23,Week 52,December,44,1092.01
Tops,T-Shirt,24.82,2024-12-30,Week 53,December,51,1265.74
Tops,Blouse,46.06,2024-01-01,Week 1,January,30,1381.93
Tops,Blouse,46.06,2024-01-08,Week 2,January,62,2855.99
Tops,Blouse,46.06,2024-01-15,Week 3,January,33,1520.12
Tops,Blouse,46.06,2024-01-22,Week 4,January,46,2118.96
Tops,Blouse,46.06,2024-01-29,Week 5,January,43,1980.76
Tops,Blouse,46.06,2024-02-05,Week 6,February,43,1980.76
Tops,Blouse,46.06,2024-02-12,Week 7,February,40,1842.57
Tops,Blouse,46.06,2024-02-19,Week 8,February,38,1750.44
Tops,Blouse,46.06,2024-02-26,Week 9,February,23,1059.48
Tops,Blouse,46.06,2024-03-04,Week 10,March,33,1520.12
Tops,Blouse,46.06,2024-03-11,Week 11,March,38,1750.44
Tops,Blouse,46.06,2024-03-18,Week 12,March,83,3823.34
Tops,Blouse,46.06,2024-03-25,Week 13,March,62,2855.99
Tops,Blouse,46.06,2024-04-01,Week 14,April,57,2625.66
Tops,Blouse,46.06,2024-04-08,Week 15,April,43,1980.76
Tops,Blouse,46.06,2024-04-15,Week 16,April,33,1520.12
Tops,Blouse,46.06,2024-04-22,Week 17,April,48,2211.09
Tops,Blouse,46.06,2024-04-29,Week 18,April,65,2994.18
Tops,Blouse,46.06,2024-05-06,Week 19,May,182,8383.7
Tops,Blouse,46.06,2024-05-13,Week 20,May,46,2118.96
Tops,Blouse,46.06,2024-05-20,Week 21,May,64,2948.11
Tops,Blouse,46.06,2024-05-27,Week 22,May,45,2072.89
Tops,Blouse,46.06,2024-06-03,Week 23,June,58,2671.73
Tops,Blouse,46.06,2024-06-10,Week 24,June,95,4376.11
Tops,Blouse,46.06,2024-06-17,Week 25,June,86,3961.53
Tops,Blouse,46.06,2024-06-24,Week 26,June,81,3731.21
Tops,Blouse,46.06,2024-07-01,Week 27,July,74,3408.76
Tops,Blouse,46.06,2024-07-08,Week 28,July,64,2948.11
Tops,Blouse,46.06,2024-07-15,Week 29,July,97,4468.24
Tops,Blouse,46.06,2024-07-22,Week 30,July,79,3639.08
Tops,Blouse,46.06,2024-07-29,Week 31,July,82,3777.27
Tops,Blouse,46.06,2024-08-05,Week 32,August,48,2211.09
Tops,Blouse,46.06,2024-08-12,Week 33,August,73,3362.69
Tops,Blouse,46.06,2024-08-19,Week 34,August,27,1243.74
Tops,Blouse,46.06,2024-08-26,Week 35,August,67,3086.31
Tops,Blouse,46.06,2024-09-02,Week 36,September,56,2579.6
Tops,Blouse,46.06,2024-09-09,Week 37,September,26,1197.67
Tops,Blouse,46.06,2024-09-16,Week 38,September,41,1888.64
Tops,Blouse,46.06,2024-09-23,Week 39,September,46,2118.96
Tops,Blouse,46.06,2024-09-30,Week 40,September,64,2948.11
Tops,Blouse,46.06,2024-10-07,Week 41,October,39,1796.51
Tops,Blouse,46.06,2024-10-14,Week 42,October,51,2349.28
Tops,Blouse,46.06,2024-10-21,Week 43,October,61,2809.92
Tops,Blouse,46.06,2024-10-28,Week 44,October,58,2671.73
Tops,Blouse,46.06,2024-11-04,Week 45,November,43,1980.76
Tops,Blouse,46.06,2024-11-11,Week 46,November,51,2349.28
Tops,Blouse,46.06,2024-11-18,Week 47,November,27,1243.74
Tops,Blouse,46.06,2024-11-25,Week 48,November,84,3869.4
Tops,Blouse,46.06,2024-12-02,Week 49,December,75,3454.82
Tops,Blouse,46.06,2024-12-09,Week 50,December,33,1520.12
Tops,Blouse,46.06,2024-12-16,Week 51,December,25,1151.61
Tops,Blouse,46.06,2024-12-23,Week 52,December,74,3408.76
Tops,Blouse,46.06,2024-12-30,Week 53,December,54,2487.47
Tops,Sweater,58.31,2024-01-01,Week 1,January,52,3031.91
Tops,Sweater,58.31,2024-01-08,Week 2,January,64,3731.58
Tops,Sweater,58.31,2024-01-15,Week 3,January,28,1632.57
Tops,Sweater,58.31,2024-01-22,Week 4,January,14,816.28
Tops,Sweater,58.31,2024-01-29,Week 5,January,24,1399.34
Tops,Sweater,58.31,2024-02-05,Week 6,February,42,2448.85
Tops,Sweater,58.31,2024-02-12,Week 7,February,83,4839.4
Tops,Sweater,58.31,2024-02-19,Week 8,February,54,3148.52
Tops,Sweater,58.31,2024-02-26,Week 9,February,43,2507.16
Tops,Sweater,58.31,2024-03-04,Week 10,March,49,2856.99
Tops,Sweater,58.31,2024-03-11,Week 11,March,57,3323.44
Tops,Sweater,58.31,2024-03-18,Week 12,March,78,4547.87
Tops,Sweater,58.31,2024-03-25,Week 13,March,38,2215.63
Tops,Sweater,58.31,2024-04-01,Week 14,April,54,3148.52
Tops,Sweater,58.31,2024-04-08,Week 15,April,90,5247.54
Tops,Sweater,58.31,2024-04-15,Week 16,April,57,3323.44
Tops,Sweater,58.31,2024-04-22,Week 17,April,65,3789.89
Tops,Sweater,58.31,2024-04-29,Week 18,April,41,2390.54
Tops,Sweater,58.31,2024-05-06,Week 19,May,131,7638.08
Tops,Sweater,58.31,2024-05-13,Week 20,May,134,7813.0
Tops,Sweater,58.31,2024-05-20,Week 21,May,30,1749.18
Tops,Sweater,58.31,2024-05-27,Week 22,May,61,3556.66
Tops,Sweater,58.31,2024-06-03,Week 23,June,74,4314.64
Tops,Sweater,58.31,2024-06-10,Week 24,June,119,6938.41
Tops,Sweater,58.31,2024-06-17,Week 25,June,107,6238.74
Tops,Sweater,58.31,2024-06-24,Week 26,June,108,6297.04
Tops,Sweater,58.31,2024-07-01,Week 27,July,161,9387.26
Tops,Sweater,58.31,2024-07-08,Week 28,July,114,6646.88
Tops,Sweater,58.31,2024-07-15,Week 29,July,83,4839.4
Tops,Sweater,58.31,2024-07-22,Week 30,July,47,2740.38
Tops,Sweater,58.31,2024-07-29,Week 31,July,92,5364.15
Tops,Sweater,58.31,2024-08-05,Week 32,August,64,3731.58
Tops,Sweater,58.31,2024-08-12,Week 33,August,109,6355.35
Tops,Sweater,58.31,2024-08-19,Week 34,August,61,3556.66
Tops,Sweater,58.31,2024-08-26,Week 35,August,68,3964.81
Tops,Sweater,58.31,2024-09-02,Week 36,September,42,2448.85
Tops,Sweater,58.31,2024-09-09,Week 37,September,80,4664.48
Tops,Sweater,58.31,2024-09-16,Week 38,September,15,874.59
Tops,Sweater,58.31,2024-09-23,Week 39,September,73,4256.34
Tops,Sweater,58.31,2024-09-30,Week 40,September,36,2099.01
Tops,Sweater,58.31,2024-10-07,Week 41,October,25,1457.65
Tops,Sweater,58.31,2024-10-14,Week 42,October,41,2390.54
Tops,Sweater,58.31,2024-10-21,Week 43,October,51,2973.6
Tops,Sweater,58.31,2024-10-28,Week 44,October,43,2507.16
Tops,Sweater,58.31,2024-11-04,Week 45,November,31,1807.48
Tops,Sweater,58.31,2024-11-11,Week 46,November,39,2273.93
Tops,Sweater,58.31,2024-11-18,Week 47,November,35,2040.71
Tops,Sweater,58.31,2024-11-25,Week 48,November,76,4431.25
Tops,Sweater,58.31,2024-12-02,Week 49,December,59,3440.05
Tops,Sweater,58.31,2024-12-09,Week 50,December,31,1807.48
Tops,Sweater,58.31,2024-12-16,Week 51,December,28,1632.57
Tops,Sweater,58.31,2024-12-23,Week 52,December,52,3031.91
Tops,Sweater,58.31,2024-12-30,Week 53,December,90,5247.54
Tops,Hoodie,58.03,2024-01-01,Week 1,January,33,1915.02
Tops,Hoodie,58.03,2024-01-08,Week 2,January,9,522.28
Tops,Hoodie,58.03,2024-01-15,Week 3,January,54,3133.66
Tops,Hoodie,58.03,2024-01-22,Week 4,January,40,2321.23
Tops,Hoodie,58.03,2024-01-29,Week 5,January,41,2379.26
Tops,Hoodie,58.03,2024-02-05,Week 6,February,26,1508.8
Tops,Hoodie,58.03,2024-02-12,Week 7,February,45,2611.39
Tops,Hoodie,58.03,2024-02-19,Week 8,February,64,3713.97
Tops,Hoodie,58.03,2024-02-26,Week 9,February,55,3191.69
Tops,Hoodie,58.03,2024-03-04,Week 10,March,48,2785.48
Tops,Hoodie,58.03,2024-03-11,Week 11,March,27,1566.83
Tops,Hoodie,58.03,2024-03-18,Week 12,March,44,2553.36
Tops,Hoodie,58.03,2024-03-25,Week 13,March,51,2959.57
Tops,Hoodie,58.03,2024-04-01,Week 14,April,55,3191.69
Tops,Hoodie,58.03,2024-04-08,Week 15,April,54,3133.66
Tops,Hoodie,58.03,2024-04-15,Week 16,April,52,3017.6
Tops,Hoodie,58.03,2024-04-22,Week 17,April,65,3772.0
Tops,Hoodie,58.03,2024-04-29,Week 18,April,51,2959.57
Tops,Hoodie,58.03,2024-05-06,Week 19,May,72,4178.22
Tops,Hoodie,58.03,2024-05-13,Week 20,May,103,5977.17
Tops,Hoodie,58.03,2024-05-20,Week 21,May,46,2669.42
Tops,Hoodie,58.03,2024-05-27,Week 22,May,48,2785.48
Tops,Hoodie,58.03,2024-06-03,Week 23,June,93,5396.86
Tops,Hoodie,58.03,2024-06-10,Week 24,June,53,3075.63
Tops,Hoodie,58.03,2024-06-17,Week 25,June,110,6383.39
Tops,Hoodie,58.03,2024-06-24,Week 26,June,25,1450.77
Tops,Hoodie,58.03,2024-07-01,Week 27,July,159,9226.9
Tops,Hoodie,58.03,2024-07-08,Week 28,July,85,4932.62
Tops,Hoodie,58.03,2024-07-15,Week 29,July,82,4758.53
Tops,Hoodie,58.03,2024-07-22,Week 30,July,74,4294.28
Tops,Hoodie,58.03,2024-07-29,Week 31,July,63,3655.94
Tops,Hoodie,58.03,2024-08-05,Week 32,August,74,4294.28
Tops,Hoodie,58.03,2024-08-12,Week 33,August,27,1566.83
Tops,Hoodie,58.03,2024-08-19,Week 34,August,81,4700.5
Tops,Hoodie,58.03,2024-08-26,Week 35,August,61,3539.88
Tops,Hoodie,58.03,2024-09-02,Week 36,September,37,2147.14
Tops,Hoodie,58.03,2024-09-09,Week 37,September,48,2785.48
Tops,Hoodie,58.03,2024-09-16,Week 38,September,52,3017.6
Tops,Hoodie,58.03,2024-09-23,Week 39,September,38,2205.17
Tops,Hoodie,58.03,2024-09-30,Week 40,September,62,3597.91
Tops,Hoodie,58.03,2024-10-07,Week 41,October,41,2379.26
Tops,Hoodie,58.03,2024-10-14,Week 42,October,49,2843.51
Tops,Hoodie,58.03,2024-10-21,Week 43,October,61,3539.88
Tops,Hoodie,58.03,2024-10-28,Week 44,October,20,1160.62
Tops,Hoodie,58.03,2024-11-04,Week 45,November,19,1102.59
Tops,Hoodie,58.03,2024-11-11,Week 46,November,38,2205.17
Tops,Hoodie,58.03,2024-11-18,Week 47,November,32,1856.99
Tops,Hoodie,58.03,2024-11-25,Week 48,November,58,3365.79
Tops,Hoodie,58.03,2024-12-02,Week 49,December,37,2147.14
Tops,Hoodie,58.03,2024-12-09,Week 50,December,24,1392.74
Tops,Hoodie,58.03,2024-12-16,Week 51,December,45,2611.39
Tops,Hoodie,58.03,2024-12-23,Week 52,December,78,4526.4
Tops,Hoodie,58.03,2024-12-30,Week 53,December,57,3307.76
Bottoms,Jeans,63.44,2024-01-01,Week 1,January,56,3552.45
Bottoms,Jeans,63.44,2024-01-08,Week 2,January,31,1966.53
Bottoms,Jeans,63.44,2024-01-15,Week 3,January,24,1522.48
Bottoms,Jeans,63.44,2024-01-22,Week 4,January,48,3044.96
Bottoms,Jeans,63.44,2024-01-29,Week 5,January,46,2918.08
Bottoms,Jeans,63.44,2024-02-05,Week 6,February,43,2727.77
Bottoms,Jeans,63.44,2024-02-12,Week 7,February,36,2283.72
Bottoms,Jeans,63.44,2024-02-19,Week 8,February,61,3869.63
Bottoms,Jeans,63.44,2024-02-26,Week 9,February,31,1966.53
Bottoms,Jeans,63.44,2024-03-04,Week 10,March,59,3742.76
Bottoms,Jeans,63.44,2024-03-11,Week 11,March,30,1903.1
Bottoms,Jeans,63.44,2024-03-18,Week 12,March,52,3298.7
Bottoms,Jeans,63.44,2024-03-25,Week 13,March,65,4123.38
Bottoms,Jeans,63.44,2024-04-01,Week 14,April,69,4377.12
Bottoms,Jeans,63.44,2024-04-08,Week 15,April,46,2918.08
Bottoms,Jeans,63.44,2024-04-15,Week 16,April,57,3615.88
Bottoms,Jeans,63.44,2024-04-22,Week 17,April,55,3489.01
Bottoms,Jeans,63.44,2024-04-29,Week 18,April,61,3869.63
Bottoms,Jeans,63.44,2024-05-06,Week 19,May,121,7675.82
Bottoms,Jeans,63.44,2024-05-13,Week 20,May,98,6216.78
Bottoms,Jeans,63.44,2024-05-20,Week 21,May,91,5772.73
Bottoms,Jeans,63.44,2024-05-27,Week 22,May,53,3362.14
Bottoms,Jeans,63.44,2024-06-03,Week 23,June,33,2093.41
Bottoms,Jeans,63.44,2024-06-10,Week 24,June,86,5455.54
Bottoms,Jeans,63.44,2024-06-17,Week 25,June,68,4313.69
Bottoms,Jeans,63.44,2024-06-24,Week 26,June,79,5011.49
Bottoms,Jeans,63.44,2024-07-01,Week 27,July,104,6597.4
Bottoms,Jeans,63.44,2024-07-08,Week 28,July,32,2029.97
Bottoms,Jeans,63.44,2024-07-15,Week 29,July,92,5836.16
Bottoms,Jeans,63.44,2024-07-22,Week 30,July,66,4186.81
Bottoms,Jeans,63.44,2024-07-29,Week 31,July,94,5963.04
Bottoms,Jeans,63.44,2024-08-05,Week 32,August,71,4504.0
Bottoms,Jeans,63.44,2024-08-12,Week 33,August,78,4948.05
Bottoms,Jeans,63.44,2024-08-19,Week 34,August,46,2918.08
Bottoms,Jeans,63.44,2024-08-26,Week 35,August,90,5709.29
Bottoms,Jeans,63.44,2024-09-02,Week 36,September,59,3742.76
Bottoms,Jeans,63.44,2024-09-09,Week 37,September,26,1649.35
Bottoms,Jeans,63.44,2024-09-16,Week 38,September,20,1268.73
Bottoms,Jeans,63.44,2024-09-23,Week 39,September,41,2600.9
Bottoms,Jeans,63.44,2024-09-30,Week 40,September,33,2093.41
Bottoms,Jeans,63.44,2024-10-07,Week 41,October,19,1205.29
Bottoms,Jeans,63.44,2024-10-14,Week 42,October,24,1522.48
Bottoms,Jeans,63.44,2024-10-21,Week 43,October,48,3044.96
Bottoms,Jeans,63.44,2024-10-28,Week 44,October,38,2410.59
Bottoms,Jeans,63.44,2024-11-04,Week 45,November,65,4123.38
Bottoms,Jeans,63.44,2024-11-11,Week 46,November,43,2727.77
Bottoms,Jeans,63.44,2024-11-18,Week 47,November,60,3806.19
Bottoms,Jeans,63.44,2024-11-25,Week 48,November,117,7422.08
Bottoms,Jeans,63.44,2024-12-02,Week 49,December,57,3615.88
Bottoms,Jeans,63.44,2024-12-09,Week 50,December,35,2220.28
Bottoms,Jeans,63.44,2024-12-16,Week 51,December,40,2537.46
Bottoms,Jeans,63.44,2024-12-23,Week 52,December,76,4821.18
Bottoms,Jeans,63.44,2024-12-30,Week 53,December,69,4377.12
Bottoms,Shorts,36.37,2024-01-01,Week 1,January,32,1163.91
Bottoms,Shorts,36.37,2024-01-08,Week 2,January,42,1527.63
Bottoms,Shorts,36.37,2024-01-15,Week 3,January,53,1927.72
Bottoms,Shorts,36.37,2024-01-22,Week 4,January,54,1964.1
Bottoms,Shorts,36.37,2024-01-29,Week 5,January,79,2873.4
Bottoms,Shorts,36.37,2024-02-05,Week 6,February,41,1491.26
Bottoms,Shorts,36.37,2024-02-12,Week 7,February,64,2327.82
Bottoms,Shorts,36.37,2024-02-19,Week 8,February,71,2582.42
Bottoms,Shorts,36.37,2024-02-26,Week 9,February,49,1782.24
Bottoms,Shorts,36.37,2024-03-04,Week 10,March,44,1600.37
Bottoms,Shorts,36.37,2024-03-11,Week 11,March,34,1236.65
Bottoms,Shorts,36.37,2024-03-18,Week 12,March,40,1454.89
Bottoms,Shorts,36.37,2024-03-25,Week 13,March,67,2436.93
Bottoms,Shorts,36.37,2024-04-01,Week 14,April,52,1891.35
Bottoms,Shorts,36.37,2024-04-08,Week 15,April,57,2073.21
Bottoms,Shorts,36.37,2024-04-15,Week 16,April,108,3928.19
Bottoms,Shorts,36.37,2024-04-22,Week 17,April,43,1564.0
Bottoms,Shorts,36.37,2024-04-29,Week 18,April,59,2145.96
Bottoms,Shorts,36.37,2024-05-06,Week 19,May,160,5819.54
Bottoms,Shorts,36.37,2024-05-13,Week 20,May,119,4328.29
Bottoms,Shorts,36.37,2024-05-20,Week 21,May,90,3273.49
Bottoms,Shorts,36.37,2024-05-27,Week 22,May,79,2873.4
Bottoms,Shorts,36.37,2024-06-03,Week 23,June,85,3091.63
Bottoms,Shorts,36.37,2024-06-10,Week 24,June,111,4037.31
Bottoms,Shorts,36.37,2024-06-17,Week 25,June,124,4510.15
Bottoms,Shorts,36.37,2024-06-24,Week 26,June,61,2218.7
Bottoms,Shorts,36.37,2024-07-01,Week 27,July,96,3491.73
Bottoms,Shorts,36.37,2024-07-08,Week 28,July,104,3782.7
Bottoms,Shorts,36.37,2024-07-15,Week 29,July,61,2218.7
Bottoms,Shorts,36.37,2024-07-22,Week 30,July,77,2800.66
Bottoms,Shorts,36.37,2024-07-29,Week 31,July,63,2291.45
Bottoms,Shorts,36.37,2024-08-05,Week 32,August,78,2837.03
Bottoms,Shorts,36.37,2024-08-12,Week 33,August,82,2982.52
Bottoms,Shorts,36.37,2024-08-19,Week 34,August,75,2727.91
Bottoms,Shorts,36.37,2024-08-26,Week 35,August,82,2982.52
Bottoms,Shorts,36.37,2024-09-02,Week 36,September,49,1782.24
Bottoms,Shorts,36.37,2024-09-09,Week 37,September,61,2218.7
Bottoms,Shorts,36.37,2024-09-16,Week 38,September,39,1418.51
Bottoms,Shorts,36.37,2024-09-23,Week 39,September,56,2036.84
Bottoms,Shorts,36.37,2024-09-30,Week 40,September,47,1709.49
Bottoms,Shorts,36.37,2024-10-07,Week 41,October,36,1309.4
Bottoms,Shorts,36.37,2024-10-14,Week 42,October,40,1454.89
Bottoms,Shorts,36.37,2024-10-21,Week 43,October,40,1454.89
Bottoms,Shorts,36.37,2024-10-28,Week 44,October,70,2546.05
Bottoms,Shorts,36.37,2024-11-04,Week 45,November,43,1564.0
Bottoms,Shorts,36.37,2024-11-11,Week 46,November,21,763.82
Bottoms,Shorts,36.37,2024-11-18,Week 47,November,16,581.95
Bottoms,Shorts,36.37,2024-11-25,Week 48,November,51,1854.98
Bottoms,Shorts,36.37,2024-12-02,Week 49,December,102,3709.96
Bottoms,Shorts,36.37,2024-12-09,Week 50,December,28,1018.42
Bottoms,Shorts,36.37,2024-12-16,Week 51,December,43,1564.0
Bottoms,Shorts,36.37,2024-12-23,Week 52,December,81,2946.14
Bottoms,Shorts,36.37,2024-12-30,Week 53,December,72,2618.79
Bottoms,Skirt,48.98,2024-01-01,Week 1,January,66,3232.41
Bottoms,Skirt,48.98,2024-01-08,Week 2,January,48,2350.85
Bottoms,Skirt,48.98,2024-01-15,Week 3,January,43,2105.97
Bottoms,Skirt,48.98,2024-01-22,Week 4,January,46,2252.89
Bottoms,Skirt,48.98,2024-01-29,Week 5,January,44,2154.94
Bottoms,Skirt,48.98,2024-02-05,Week 6,February,50,2448.8
Bottoms,Skirt,48.98,2024-02-12,Week 7,February,86,4211.93
Bottoms,Skirt,48.98,2024-02-19,Week 8,February,83,4065.0
Bottoms,Skirt,48.98,2024-02-26,Week 9,February,26,1273.37
Bottoms,Skirt,48.98,2024-03-04,Week 10,March,63,3085.48
Bottoms,Skirt,48.98,2024-03-11,Week 11,March,67,3281.39
Bottoms,Skirt,48.98,2024-03-18,Week 12,March,48,2350.85
Bottoms,Skirt,48.98,2024-03-25,Week 13,March,53,2595.73
Bottoms,Skirt,48.98,2024-04-01,Week 14,April,36,1763.13
Bottoms,Skirt,48.98,2024-04-08,Week 15,April,43,2105.97
Bottoms,Skirt,48.98,2024-04-15,Week 16,April,49,2399.82
Bottoms,Skirt,48.98,2024-04-22,Week 17,April,43,2105.97
Bottoms,Skirt,48.98,2024-04-29,Week 18,April,57,2791.63
Bottoms,Skirt,48.98,2024-05-06,Week 19,May,83,4065.0
Bottoms,Skirt,48.98,2024-05-13,Week 20,May,73,3575.24
Bottoms,Skirt,48.98,2024-05-20,Week 21,May,89,4358.86
Bottoms,Skirt,48.98,2024-05-27,Week 22,May,44,2154.94
Bottoms,Skirt,48.98,2024-06-03,Week 23,June,58,2840.6
Bottoms,Skirt,48.98,2024-06-10,Week 24,June,67,3281.39
Bottoms,Skirt,48.98,2024-06-17,Week 25,June,168,8227.96
Bottoms,Skirt,48.98,2024-06-24,Week 26,June,70,3428.32
Bottoms,Skirt,48.98,2024-07-01,Week 27,July,57,2791.63
Bottoms,Skirt,48.98,2024-07-08,Week 28,July,68,3330.36
Bottoms,Skirt,48.98,2024-07-15,Week 29,July,56,2742.65
Bottoms,Skirt,48.98,2024-07-22,Week 30,July,55,2693.68
Bottoms,Skirt,48.98,2024-07-29,Week 31,July,79,3869.1
Bottoms,Skirt,48.98,2024-08-05,Week 32,August,61,2987.53
Bottoms,Skirt,48.98,2024-08-12,Week 33,August,69,3379.34
Bottoms,Skirt,48.98,2024-08-19,Week 34,August,36,1763.13
Bottoms,Skirt,48.98,2024-08-26,Week 35,August,105,5142.47
Bottoms,Skirt,48.98,2024-09-02,Week 36,September,59,2889.58
Bottoms,Skirt,48.98,2024-09-09,Week 37,September,46,2252.89
Bottoms,Skirt,48.98,2024-09-16,Week 38,September,54,2644.7
Bottoms,Skirt,48.98,2024-09-23,Week 39,September,57,2791.63
Bottoms,Skirt,48.98,2024-09-30,Week 40,September,62,3036.51
Bottoms,Skirt,48.98,2024-10-07,Week 41,October,54,2644.7
Bottoms,Skirt,48.98,2024-10-14,Week 42,October,61,2987.53
Bottoms,Skirt,48.98,2024-10-21,Week 43,October,34,1665.18
Bottoms,Skirt,48.98,2024-10-28,Week 44,October,39,1910.06
Bottoms,Skirt,48.98,2024-11-04,Week 45,November,92,4505.79
Bottoms,Skirt,48.98,2024-11-11,Week 46,November,38,1861.09
Bottoms,Skirt,48.98,2024-11-18,Week 47,November,31,1518.25
Bottoms,Skirt,48.98,2024-11-25,Week 48,November,86,4211.93
Bottoms,Skirt,48.98,2024-12-02,Week 49,December,115,5632.23
Bottoms,Skirt,48.98,2024-12-09,Week 50,December,41,2008.01
Bottoms,Skirt,48.98,2024-12-16,Week 51,December,16,783.62
Bottoms,Skirt,48.98,2024-12-23,Week 52,December,62,3036.51
Bottoms,Skirt,48.98,2024-12-30,Week 53,December,41,2008.01
Bottoms,Dress Pants,64.83,2024-01-01,Week 1,January,107,6936.46
Bottoms,Dress Pants,64.83,2024-01-08,Week 2,January,49,3176.51
Bottoms,Dress Pants,64.83,2024-01-15,Week 3,January,58,3759.95
Bottoms,Dress Pants,64.83,2024-01-22,Week 4,January,69,4473.04
Bottoms,Dress Pants,64.83,2024-01-29,Week 5,January,53,3435.81
Bottoms,Dress Pants,64.83,2024-02-05,Week 6,February,44,2852.37
Bottoms,Dress Pants,64.83,2024-02-12,Week 7,February,60,3889.6
Bottoms,Dress Pants,64.83,2024-02-19,Week 8,February,55,3565.47
Bottoms,Dress Pants,64.83,2024-02-26,Week 9,February,68,4408.22
Bottoms,Dress Pants,64.83,2024-03-04,Week 10,March,57,3695.12
Bottoms,Dress Pants,64.83,2024-03-11,Week 11,March,7,453.79
Bottoms,Dress Pants,64.83,2024-03-18,Week 12,March,52,3370.99
Bottoms,Dress Pants,64.83,2024-03-25,Week 13,March,29,1879.97
Bottoms,Dress Pants,64.83,2024-04-01,Week 14,April,36,2333.76
Bottoms,Dress Pants,64.83,2024-04-08,Week 15,April,63,4084.08
Bottoms,Dress Pants,64.83,2024-04-15,Week 16,April,48,3111.68
Bottoms,Dress Pants,64.83,2024-04-22,Week 17,April,51,3306.16
Bottoms,Dress Pants,64.83,2024-04-29,Week 18,April,52,3370.99
Bottoms,Dress Pants,64.83,2024-05-06,Week 19,May,61,3954.43
Bottoms,Dress Pants,64.83,2024-05-13,Week 20,May,48,3111.68
Bottoms,Dress Pants,64.83,2024-05-20,Week 21,May,56,3630.29
Bottoms,Dress Pants,64.83,2024-05-27,Week 22,May,43,2787.55
Bottoms,Dress Pants,64.83,2024-06-03,Week 23,June,67,4343.39
Bottoms,Dress Pants,64.83,2024-06-10,Week 24,June,93,6028.88
Bottoms,Dress Pants,64.83,2024-06-17,Week 25,June,164,10631.58
Bottoms,Dress Pants,64.83,2024-06-24,Week 26,June,80,5186.14
Bottoms,Dress Pants,64.83,2024-07-01,Week 27,July,76,4926.83
Bottoms,Dress Pants,64.83,2024-07-08,Week 28,July,82,5315.79
Bottoms,Dress Pants,64.83,2024-07-15,Week 29,July,81,5250.96
Bottoms,Dress Pants,64.83,2024-07-22,Week 30,July,78,5056.48
Bottoms,Dress Pants,64.83,2024-07-29,Week 31,July,68,4408.22
Bottoms,Dress Pants,64.83,2024-08-05,Week 32,August,74,4797.18
Bottoms,Dress Pants,64.83,2024-08-12,Week 33,August,66,4278.56
Bottoms,Dress Pants,64.83,2024-08-19,Week 34,August,83,5380.62
Bottoms,Dress Pants,64.83,2024-08-26,Week 35,August,46,2982.03
Bottoms,Dress Pants,64.83,2024-09-02,Week 36,September,58,3759.95
Bottoms,Dress Pants,64.83,2024-09-09,Week 37,September,36,2333.76
Bottoms,Dress Pants,64.83,2024-09-16,Week 38,September,45,2917.2
Bottoms,Dress Pants,64.83,2024-09-23,Week 39,September,67,4343.39
Bottoms,Dress Pants,64.83,2024-09-30,Week 40,September,74,4797.18
Bottoms,Dress Pants,64.83,2024-10-07,Week 41,October,54,3500.64
Bottoms,Dress Pants,64.83,2024-10-14,Week 42,October,88,5704.75
Bottoms,Dress Pants,64.83,2024-10-21,Week 43,October,45,2917.2
Bottoms,Dress Pants,64.83,2024-10-28,Week 44,October,52,3370.99
Bottoms,Dress Pants,64.83,2024-11-04,Week 45,November,64,4148.91
Bottoms,Dress Pants,64.83,2024-11-11,Week 46,November,56,3630.29
Bottoms,Dress Pants,64.83,2024-11-18,Week 47,November,30,1944.8
Bottoms,Dress Pants,64.83,2024-11-25,Week 48,November,101,6547.5
Bottoms,Dress Pants,64.83,2024-12-02,Week 49,December,95,6158.54
Bottoms,Dress Pants,64.83,2024-12-09,Week 50,December,67,4343.39
Bottoms,Dress Pants,64.83,2024-12-16,Week 51,December,43,2787.55
Bottoms,Dress Pants,64.83,2024-12-23,Week 52,December,109,7066.11
Bottoms,Dress Pants,64.83,2024-12-30,Week 53,December,49,3176.51
Dresses,Summer Dress,79.47,2024-01-01,Week 1,January,45,3576.02
Dresses,Summer Dress,79.47,2024-01-08,Week 2,January,35,2781.35
Dresses,Summer Dress,79.47,2024-01-15,Week 3,January,19,1509.88
Dresses,Summer Dress,79.47,2024-01-22,Week 4,January,14,1112.54
Dresses,Summer Dress,79.47,2024-01-29,Week 5,January,15,1192.01
Dresses,Summer Dress,79.47,2024-02-05,Week 6,February,27,2145.61
Dresses,Summer Dress,79.47,2024-02-12,Week 7,February,53,4211.76
Dresses,Summer Dress,79.47,2024-02-19,Week 8,February,39,3099.22
Dresses,Summer Dress,79.47,2024-02-26,Week 9,February,12,953.61
Dresses,Summer Dress,79.47,2024-03-04,Week 10,March,35,2781.35
Dresses,Summer Dress,79.47,2024-03-11,Week 11,March,35,2781.35
Dresses,Summer Dress,79.47,2024-03-18,Week 12,March,41,3258.16
Dresses,Summer Dress,79.47,2024-03-25,Week 13,March,64,5085.9
Dresses,Summer Dress,79.47,2024-04-01,Week 14,April,25,1986.68
Dresses,Summer Dress,79.47,2024-04-08,Week 15,April,71,5642.17
Dresses,Summer Dress,79.47,2024-04-15,Week 16,April,75,5960.04
Dresses,Summer Dress,79.47,2024-04-22,Week 17,April,58,4609.1
Dresses,Summer Dress,79.47,2024-04-29,Week 18,April,50,3973.36
Dresses,Summer Dress,79.47,2024-05-06,Week 19,May,76,6039.51
Dresses,Summer Dress,79.47,2024-05-13,Week 20,May,111,8820.86
Dresses,Summer Dress,79.47,2024-05-20,Week 21,May,44,3496.56
Dresses,Summer Dress,79.47,2024-05-27,Week 22,May,50,3973.36
Dresses,Summer Dress,79.47,2024-06-03,Week 23,June,32,2542.95
Dresses,Summer Dress,79.47,2024-06-10,Week 24,June,117,9297.66
Dresses,Summer Dress,79.47,2024-06-17,Week 25,June,67,5324.3
Dresses,Summer Dress,79.47,2024-06-24,Week 26,June,34,2701.88
Dresses,Summer Dress,79.47,2024-07-01,Week 27,July,64,5085.9
Dresses,Summer Dress,79.47,2024-07-08,Week 28,July,113,8979.79
Dresses,Summer Dress,79.47,2024-07-15,Week 29,July,70,5562.7
Dresses,Summer Dress,79.47,2024-07-22,Week 30,July,62,4926.97
Dresses,Summer Dress,79.47,2024-07-29,Week 31,July,108,8582.46
Dresses,Summer Dress,79.47,2024-08-05,Week 32,August,51,4052.83
Dresses,Summer Dress,79.47,2024-08-12,Week 33,August,77,6118.97
Dresses,Summer Dress,79.47,2024-08-19,Week 34,August,75,5960.04
Dresses,Summer Dress,79.47,2024-08-26,Week 35,August,52,4132.29
Dresses,Summer Dress,79.47,2024-09-02,Week 36,September,58,4609.1
Dresses,Summer Dress,79.47,2024-09-09,Week 37,September,77,6118.97
Dresses,Summer Dress,79.47,2024-09-16,Week 38,September,42,3337.62
Dresses,Summer Dress,79.47,2024-09-23,Week 39,September,55,4370.7
Dresses,Summer Dress,79.47,2024-09-30,Week 40,September,44,3496.56
Dresses,Summer Dress,79.47,2024-10-07,Week 41,October,51,4052.83
Dresses,Summer Dress,79.47,2024-10-14,Week 42,October,31,2463.48
Dresses,Summer Dress,79.47,2024-10-21,Week 43,October,57,4529.63
Dresses,Summer Dress,79.47,2024-10-28,Week 44,October,27,2145.61
Dresses,Summer Dress,79.47,2024-11-04,Week 45,November,25,1986.68
Dresses,Summer Dress,79.47,2024-11-11,Week 46,November,31,2463.48
Dresses,Summer Dress,79.47,2024-11-18,Week 47,November,47,3734.96
Dresses,Summer Dress,79.47,2024-11-25,Week 48,November,92,7310.98
Dresses,Summer Dress,79.47,2024-12-02,Week 49,December,85,6754.71
Dresses,Summer Dress,79.47,2024-12-09,Week 50,December,16,1271.48
Dresses,Summer Dress,79.47,2024-12-16,Week 51,December,31,2463.48
Dresses,Summer Dress,79.47,2024-12-23,Week 52,December,40,3178.69
Dresses,Summer Dress,79.47,2024-12-30,Week 53,December,81,6436.84
Dresses,Evening Gown,185.14,2024-01-01,Week 1,January,42,7775.7
Dresses,Evening Gown,185.14,2024-01-08,Week 2,January,41,7590.57
Dresses,Evening Gown,185.14,2024-01-15,Week 3,January,36,6664.89
Dresses,Evening Gown,185.14,2024-01-22,Week 4,January,21,3887.85
Dresses,Evening Gown,185.14,2024-01-29,Week 5,January,18,3332.44
Dresses,Evening Gown,185.14,2024-02-05,Week 6,February,28,5183.8
Dresses,Evening Gown,185.14,2024-02-12,Week 7,February,40,7405.43
Dresses,Evening Gown,185.14,2024-02-19,Week 8,February,59,10923.01
Dresses,Evening Gown,185.14,2024-02-26,Week 9,February,19,3517.58
Dresses,Evening Gown,185.14,2024-03-04,Week 10,March,16,2962.17
Dresses,Evening Gown,185.14,2024-03-11,Week 11,March,53,9812.2
Dresses,Evening Gown,185.14,2024-03-18,Week 12,March,66,12218.96
Dresses,Evening Gown,185.14,2024-03-25,Week 13,March,41,7590.57
Dresses,Evening Gown,185.14,2024-04-01,Week 14,April,55,10182.47
Dresses,Evening Gown,185.14,2024-04-08,Week 15,April,60,11108.15
Dresses,Evening Gown,185.14,2024-04-15,Week 16,April,47,8701.38
Dresses,Evening Gown,185.14,2024-04-22,Week 17,April,30,5554.07
Dresses,Evening Gown,185.14,2024-04-29,Week 18,April,44,8145.97
Dresses,Evening Gown,185.14,2024-05-06,Week 19,May,149,27585.23
Dresses,Evening Gown,185.14,2024-05-13,Week 20,May,77,14255.45
Dresses,Evening Gown,185.14,2024-05-20,Week 21,May,67,12404.1
Dresses,Evening Gown,185.14,2024-05-27,Week 22,May,88,16291.95
Dresses,Evening Gown,185.14,2024-06-03,Week 23,June,81,14996.0
Dresses,Evening Gown,185.14,2024-06-10,Week 24,June,87,16106.81
Dresses,Evening Gown,185.14,2024-06-17,Week 25,June,99,18328.44
Dresses,Evening Gown,185.14,2024-06-24,Week 26,June,73,13514.91
Dresses,Evening Gown,185.14,2024-07-01,Week 27,July,106,19624.39
Dresses,Evening Gown,185.14,2024-07-08,Week 28,July,57,10552.74
Dresses,Evening Gown,185.14,2024-07-15,Week 29,July,52,9627.06
Dresses,Evening Gown,185.14,2024-07-22,Week 30,July,31,5739.21
Dresses,Evening Gown,185.14,2024-07-29,Week 31,July,84,15551.4
Dresses,Evening Gown,185.14,2024-08-05,Week 32,August,84,15551.4
Dresses,Evening Gown,185.14,2024-08-12,Week 33,August,112,20735.21
Dresses,Evening Gown,185.14,2024-08-19,Week 34,August,62,11478.42
Dresses,Evening Gown,185.14,2024-08-26,Week 35,August,72,13329.78
Dresses,Evening Gown,185.14,2024-09-02,Week 36,September,60,11108.15
Dresses,Evening Gown,185.14,2024-09-09,Week 37,September,49,9071.65
Dresses,Evening Gown,185.14,2024-09-16,Week 38,September,40,7405.43
Dresses,Evening Gown,185.14,2024-09-23,Week 39,September,40,7405.43
Dresses,Evening Gown,185.14,2024-09-30,Week 40,September,52,9627.06
Dresses,Evening Gown,185.14,2024-10-07,Week 41,October,44,8145.97
Dresses,Evening Gown,185.14,2024-10-14,Week 42,October,40,7405.43
Dresses,Evening Gown,185.14,2024-10-21,Week 43,October,54,9997.33
Dresses,Evening Gown,185.14,2024-10-28,Week 44,October,38,7035.16
Dresses,Evening Gown,185.14,2024-11-04,Week 45,November,18,3332.44
Dresses,Evening Gown,185.14,2024-11-11,Week 46,November,22,4072.99
Dresses,Evening Gown,185.14,2024-11-18,Week 47,November,28,5183.8
Dresses,Evening Gown,185.14,2024-11-25,Week 48,November,83,15366.27
Dresses,Evening Gown,185.14,2024-12-02,Week 49,December,66,12218.96
Dresses,Evening Gown,185.14,2024-12-09,Week 50,December,29,5368.94
Dresses,Evening Gown,185.14,2024-12-16,Week 51,December,10,1851.36
Dresses,Evening Gown,185.14,2024-12-23,Week 52,December,35,6479.75
Dresses,Evening Gown,185.14,2024-12-30,Week 53,December,66,12218.96
Dresses,Casual Dress,55.82,2024-01-01,Week 1,January,35,1953.85
Dresses,Casual Dress,55.82,2024-01-08,Week 2,January,31,1730.55
Dresses,Casual Dress,55.82,2024-01-15,Week 3,January,20,1116.49
Dresses,Casual Dress,55.82,2024-01-22,Week 4,January,23,1283.96
Dresses,Casual Dress,55.82,2024-01-29,Week 5,January,26,1451.43
Dresses,Casual Dress,55.82,2024-02-05,Week 6,February,28,1563.08
Dresses,Casual Dress,55.82,2024-02-12,Week 7,February,26,1451.43
Dresses,Casual Dress,55.82,2024-02-19,Week 8,February,62,3461.11
Dresses,Casual Dress,55.82,2024-02-26,Week 9,February,27,1507.26
Dresses,Casual Dress,55.82,2024-03-04,Week 10,March,41,2288.8
Dresses,Casual Dress,55.82,2024-03-11,Week 11,March,36,2009.67
Dresses,Casual Dress,55.82,2024-03-18,Week 12,March,32,1786.38
Dresses,Casual Dress,55.82,2024-03-25,Week 13,March,45,2512.09
Dresses,Casual Dress,55.82,2024-04-01,Week 14,April,64,3572.76
Dresses,Casual Dress,55.82,2024-04-08,Week 15,April,43,2400.44
Dresses,Casual Dress,55.82,2024-04-15,Week 16,April,59,3293.63
Dresses,Casual Dress,55.82,2024-04-22,Week 17,April,49,2735.39
Dresses,Casual Dress,55.82,2024-04-29,Week 18,April,28,1563.08
Dresses,Casual Dress,55.82,2024-05-06,Week 19,May,68,3796.05
Dresses,Casual Dress,55.82,2024-05-13,Week 20,May,94,5247.48
Dresses,Casual Dress,55.82,2024-05-20,Week 21,May,38,2121.32
Dresses,Casual Dress,55.82,2024-05-27,Week 22,May,70,3907.7
Dresses,Casual Dress,55.82,2024-06-03,Week 23,June,22,1228.13
Dresses,Casual Dress,55.82,2024-06-10,Week 24,June,81,4521.77
Dresses,Casual Dress,55.82,2024-06-17,Week 25,June,124,6922.21
Dresses,Casual Dress,55.82,2024-06-24,Week 26,June,88,4912.54
Dresses,Casual Dress,55.82,2024-07-01,Week 27,July,117,6531.44
Dresses,Casual Dress,55.82,2024-07-08,Week 28,July,53,2958.69
Dresses,Casual Dress,55.82,2024-07-15,Week 29,July,77,4298.47
Dresses,Casual Dress,55.82,2024-07-22,Week 30,July,101,5638.25
Dresses,Casual Dress,55.82,2024-07-29,Week 31,July,84,4689.24
Dresses,Casual Dress,55.82,2024-08-05,Week 32,August,66,3684.4
Dresses,Casual Dress,55.82,2024-08-12,Week 33,August,44,2456.27
Dresses,Casual Dress,55.82,2024-08-19,Week 34,August,66,3684.4
Dresses,Casual Dress,55.82,2024-08-26,Week 35,August,50,2791.21
Dresses,Casual Dress,55.82,2024-09-02,Week 36,September,55,3070.34
Dresses,Casual Dress,55.82,2024-09-09,Week 37,September,33,1842.2
Dresses,Casual Dress,55.82,2024-09-16,Week 38,September,64,3572.76
Dresses,Casual Dress,55.82,2024-09-23,Week 39,September,52,2902.86
Dresses,Casual Dress,55.82,2024-09-30,Week 40,September,58,3237.81
Dresses,Casual Dress,55.82,2024-10-07,Week 41,October,47,2623.74
Dresses,Casual Dress,55.82,2024-10-14,Week 42,October,28,1563.08
Dresses,Casual Dress,55.82,2024-10-21,Week 43,October,44,2456.27
Dresses,Casual Dress,55.82,2024-10-28,Week 44,October,48,2679.57
Dresses,Casual Dress,55.82,2024-11-04,Week 45,November,41,2288.8
Dresses,Casual Dress,55.82,2024-11-11,Week 46,November,26,1451.43
Dresses,Casual Dress,55.82,2024-11-18,Week 47,November,33,1842.2
Dresses,Casual Dress,55.82,2024-11-25,Week 48,November,78,4354.3
Dresses,Casual Dress,55.82,2024-12-02,Week 49,December,94,5247.48
Dresses,Casual Dress,55.82,2024-12-09,Week 50,December,51,2847.04
Dresses,Casual Dress,55.82,2024-12-16,Week 51,December,20,1116.49
Dresses,Casual Dress,55.82,2024-12-23,Week 52,December,69,3851.88
Dresses,Casual Dress,55.82,2024-12-30,Week 53,December,42,2344.62
Dresses,Formal Dress,148.18,2024-01-01,Week 1,January,24,3556.37
Dresses,Formal Dress,148.18,2024-01-08,Week 2,January,42,6223.65
Dresses,Formal Dress,148.18,2024-01-15,Week 3,January,28,4149.1
Dresses,Formal Dress,148.18,2024-01-22,Week 4,January,42,6223.65
Dresses,Formal Dress,148.18,2024-01-29,Week 5,January,27,4000.92
Dresses,Formal Dress,148.18,2024-02-05,Week 6,February,36,5334.56
Dresses,Formal Dress,148.18,2024-02-12,Week 7,February,50,7409.11
Dresses,Formal Dress,148.18,2024-02-19,Week 8,February,62,9187.29
Dresses,Formal Dress,148.18,2024-02-26,Week 9,February,44,6520.01
Dresses,Formal Dress,148.18,2024-03-04,Week 10,March,56,8298.2
Dresses,Formal Dress,148.18,2024-03-11,Week 11,March,31,4593.65
Dresses,Formal Dress,148.18,2024-03-18,Week 12,March,56,8298.2
Dresses,Formal Dress,148.18,2024-03-25,Week 13,March,31,4593.65
Dresses,Formal Dress,148.18,2024-04-01,Week 14,April,81,12002.75
Dresses,Formal Dress,148.18,2024-04-08,Week 15,April,55,8150.02
Dresses,Formal Dress,148.18,2024-04-15,Week 16,April,53,7853.65
Dresses,Formal Dress,148.18,2024-04-22,Week 17,April,99,14670.03
Dresses,Formal Dress,148.18,2024-04-29,Week 18,April,70,10372.75
Dresses,Formal Dress,148.18,2024-05-06,Week 19,May,119,17633.68
Dresses,Formal Dress,148.18,2024-05-13,Week 20,May,74,10965.48
Dresses,Formal Dress,148.18,2024-05-20,Week 21,May,36,5334.56
Dresses,Formal Dress,148.18,2024-05-27,Week 22,May,67,9928.2
Dresses,Formal Dress,148.18,2024-06-03,Week 23,June,48,7112.74
Dresses,Formal Dress,148.18,2024-06-10,Week 24,June,152,22523.69
Dresses,Formal Dress,148.18,2024-06-17,Week 25,June,94,13929.12
Dresses,Formal Dress,148.18,2024-06-24,Week 26,June,103,15262.76
Dresses,Formal Dress,148.18,2024-07-01,Week 27,July,58,8594.56
Dresses,Formal Dress,148.18,2024-07-08,Week 28,July,80,11854.57
Dresses,Formal Dress,148.18,2024-07-15,Week 29,July,84,12447.3
Dresses,Formal Dress,148.18,2024-07-22,Week 30,July,50,7409.11
Dresses,Formal Dress,148.18,2024-07-29,Week 31,July,74,10965.48
Dresses,Formal Dress,148.18,2024-08-05,Week 32,August,113,16744.58
Dresses,Formal Dress,148.18,2024-08-12,Week 33,August,59,8742.75
Dresses,Formal Dress,148.18,2024-08-19,Week 34,August,39,5779.1
Dresses,Formal Dress,148.18,2024-08-26,Week 35,August,24,3556.37
Dresses,Formal Dress,148.18,2024-09-02,Week 36,September,30,4445.46
Dresses,Formal Dress,148.18,2024-09-09,Week 37,September,56,8298.2
Dresses,Formal Dress,148.18,2024-09-16,Week 38,September,43,6371.83
Dresses,Formal Dress,148.18,2024-09-23,Week 39,September,72,10669.11
Dresses,Formal Dress,148.18,2024-09-30,Week 40,September,74,10965.48
Dresses,Formal Dress,148.18,2024-10-07,Week 41,October,66,9780.02
Dresses,Formal Dress,148.18,2024-10-14,Week 42,October,47,6964.56
Dresses,Formal Dress,148.18,2024-10-21,Week 43,October,53,7853.65
Dresses,Formal Dress,148.18,2024-10-28,Week 44,October,24,3556.37
Dresses,Formal Dress,148.18,2024-11-04,Week 45,November,31,4593.65
Dresses,Formal Dress,148.18,2024-11-11,Week 46,November,46,6816.38
Dresses,Formal Dress,148.18,2024-11-18,Week 47,November,45,6668.2
Dresses,Formal Dress,148.18,2024-11-25,Week 48,November,42,6223.65
Dresses,Formal Dress,148.18,2024-12-02,Week 49,December,54,8001.84
Dresses,Formal Dress,148.18,2024-12-09,Week 50,December,30,4445.46
Dresses,Formal Dress,148.18,2024-12-16,Week 51,December,30,4445.46
Dresses,Formal Dress,148.18,2024-12-23,Week 52,December,37,5482.74
Dresses,Formal Dress,148.18,2024-12-30,Week 53,December,92,13632.76
Accessories,Scarf,27.71,2024-01-01,Week 1,January,99,2743.29
Accessories,Scarf,27.71,2024-01-08,Week 2,January,72,1995.12
Accessories,Scarf,27.71,2024-01-15,Week 3,January,34,942.14
Accessories,Scarf,27.71,2024-01-22,Week 4,January,61,1690.31
Accessories,Scarf,27.71,2024-01-29,Week 5,January,50,1385.5
Accessories,Scarf,27.71,2024-02-05,Week 6,February,61,1690.31
Accessories,Scarf,27.71,2024-02-12,Week 7,February,114,3158.94
Accessories,Scarf,27.71,2024-02-19,Week 8,February,62,1718.02
Accessories,Scarf,27.71,2024-02-26,Week 9,February,50,1385.5
Accessories,Scarf,27.71,2024-03-04,Week 10,March,59,1634.89
Accessories,Scarf,27.71,2024-03-11,Week 11,March,52,1440.92
Accessories,Scarf,27.71,2024-03-18,Week 12,March,42,1163.82
Accessories,Scarf,27.71,2024-03-25,Week 13,March,54,1496.34
Accessories,Scarf,27.71,2024-04-01,Week 14,April,57,1579.47
Accessories,Scarf,27.71,2024-04-08,Week 15,April,53,1468.63
Accessories,Scarf,27.71,2024-04-15,Week 16,April,43,1191.53
Accessories,Scarf,27.71,2024-04-22,Week 17,April,27,748.17
Accessories,Scarf,27.71,2024-04-29,Week 18,April,37,1025.27
Accessories,Scarf,27.71,2024-05-06,Week 19,May,61,1690.31
Accessories,Scarf,27.71,2024-05-13,Week 20,May,52,1440.92
Accessories,Scarf,27.71,2024-05-20,Week 21,May,34,942.14
Accessories,Scarf,27.71,2024-05-27,Week 22,May,56,1551.76
Accessories,Scarf,27.71,2024-06-03,Week 23,June,54,1496.34
Accessories,Scarf,27.71,2024-06-10,Week 24,June,43,1191.53
Accessories,Scarf,27.71,2024-06-17,Week 25,June,78,2161.38
Accessories,Scarf,27.71,2024-06-24,Week 26,June,65,1801.15
Accessories,Scarf,27.71,2024-07-01,Week 27,July,62,1718.02
Accessories,Scarf,27.71,2024-07-08,Week 28,July,64,1773.44
Accessories,Scarf,27.71,2024-07-15,Week 29,July,41,1136.11
Accessories,Scarf,27.71,2024-07-22,Week 30,July,68,1884.28
Accessories,Scarf,27.71,2024-07-29,Week 31,July,57,1579.47
Accessories,Scarf,27.71,2024-08-05,Week 32,August,50,1385.5
Accessories,Scarf,27.71,2024-08-12,Week 33,August,42,1163.82
Accessories,Scarf,27.71,2024-08-19,Week 34,August,52,1440.92
Accessories,Scarf,27.71,2024-08-26,Week 35,August,60,1662.6
Accessories,Scarf,27.71,2024-09-02,Week 36,September,101,2798.71
Accessories,Scarf,27.71,2024-09-09,Week 37,September,48,1330.08
Accessories,Scarf,27.71,2024-09-16,Week 38,September,52,1440.92
Accessories,Scarf,27.71,2024-09-23,Week 39,September,47,1302.37
Accessories,Scarf,27.71,2024-09-30,Week 40,September,32,886.72
Accessories,Scarf,27.71,2024-10-07,Week 41,October,41,1136.11
Accessories,Scarf,27.71,2024-10-14,Week 42,October,84,2327.64
Accessories,Scarf,27.71,2024-10-21,Week 43,October,39,1080.69
Accessories,Scarf,27.71,2024-10-28,Week 44,October,57,1579.47
Accessories,Scarf,27.71,2024-11-04,Week 45,November,49,1357.79
Accessories,Scarf,27.71,2024-11-11,Week 46,November,47,1302.37
Accessories,Scarf,27.71,2024-11-18,Week 47,November,40,1108.4
Accessories,Scarf,27.71,2024-11-25,Week 48,November,101,2798.71
Accessories,Scarf,27.71,2024-12-02,Week 49,December,82,2272.22
Accessories,Scarf,27.71,2024-12-09,Week 50,December,76,2105.96
Accessories,Scarf,27.71,2024-12-16,Week 51,December,55,1524.05
Accessories,Scarf,27.71,2024-12-23,Week 52,December,159,4405.89
Accessories,Scarf,27.71,2024-12-30,Week 53,December,131,3630.01
Accessories,Hat,25.19,2024-01-01,Week 1,January,59,1486.42
Accessories,Hat,25.19,2024-01-08,Week 2,January,95,2393.38
Accessories,Hat,25.19,2024-01-15,Week 3,January,43,1083.32
Accessories,Hat,25.19,2024-01-22,Week 4,January,56,1410.84
Accessories,Hat,25.19,2024-01-29,Week 5,January,37,932.16
Accessories,Hat,25.19,2024-02-05,Week 6,February,95,2393.38
Accessories,Hat,25.19,2024-02-12,Week 7,February,96,2418.58
Accessories,Hat,25.19,2024-02-19,Week 8,February,67,1687.97
Accessories,Hat,25.19,2024-02-26,Week 9,February,74,1864.32
Accessories,Hat,25.19,2024-03-04,Week 10,March,45,1133.71
Accessories,Hat,25.19,2024-03-11,Week 11,March,75,1889.51
Accessories,Hat,25.19,2024-03-18,Week 12,March,38,957.35
Accessories,Hat,25.19,2024-03-25,Week 13,March,49,1234.48
Accessories,Hat,25.19,2024-04-01,Week 14,April,31,781.0
Accessories,Hat,25.19,2024-04-08,Week 15,April,52,1310.06
Accessories,Hat,25.19,2024-04-15,Week 16,April,53,1335.26
Accessories,Hat,25.19,2024-04-22,Week 17,April,61,1536.8
Accessories,Hat,25.19,2024-04-29,Week 18,April,34,856.58
Accessories,Hat,25.19,2024-05-06,Week 19,May,81,2040.67
Accessories,Hat,25.19,2024-05-13,Week 20,May,109,2746.09
Accessories,Hat,25.19,2024-05-20,Week 21,May,101,2544.54
Accessories,Hat,25.19,2024-05-27,Week 22,May,45,1133.71
Accessories,Hat,25.19,2024-06-03,Week 23,June,56,1410.84
Accessories,Hat,25.19,2024-06-10,Week 24,June,80,2015.48
Accessories,Hat,25.19,2024-06-17,Week 25,June,91,2292.61
Accessories,Hat,25.19,2024-06-24,Week 26,June,74,1864.32
Accessories,Hat,25.19,2024-07-01,Week 27,July,64,1612.38
Accessories,Hat,25.19,2024-07-08,Week 28,July,93,2343.0
Accessories,Hat,25.19,2024-07-15,Week 29,July,51,1284.87
Accessories,Hat,25.19,2024-07-22,Week 30,July,63,1587.19
Accessories,Hat,25.19,2024-07-29,Week 31,July,61,1536.8
Accessories,Hat,25.19,2024-08-05,Week 32,August,47,1184.09
Accessories,Hat,25.19,2024-08-12,Week 33,August,42,1058.13
Accessories,Hat,25.19,2024-08-19,Week 34,August,70,1763.55
Accessories,Hat,25.19,2024-08-26,Week 35,August,90,2267.42
Accessories,Hat,25.19,2024-09-02,Week 36,September,59,1486.42
Accessories,Hat,25.19,2024-09-09,Week 37,September,41,1032.93
Accessories,Hat,25.19,2024-09-16,Week 38,September,34,856.58
Accessories,Hat,25.19,2024-09-23,Week 39,September,55,1385.64
Accessories,Hat,25.19,2024-09-30,Week 40,September,48,1209.29
Accessories,Hat,25.19,2024-10-07,Week 41,October,52,1310.06
Accessories,Hat,25.19,2024-10-14,Week 42,October,67,1687.97
Accessories,Hat,25.19,2024-10-21,Week 43,October,29,730.61
Accessories,Hat,25.19,2024-10-28,Week 44,October,27,680.22
Accessories,Hat,25.19,2024-11-04,Week 45,November,39,982.55
Accessories,Hat,25.19,2024-11-11,Week 46,November,72,1813.93
Accessories,Hat,25.19,2024-11-18,Week 47,November,63,1587.19
Accessories,Hat,25.19,2024-11-25,Week 48,November,117,2947.64
Accessories,Hat,25.19,2024-12-02,Week 49,December,200,5038.7
Accessories,Hat,25.19,2024-12-09,Week 50,December,65,1637.58
Accessories,Hat,25.19,2024-12-16,Week 51,December,99,2494.16
Accessories,Hat,25.19,2024-12-23,Week 52,December,157,3955.38
Accessories,Hat,25.19,2024-12-30,Week 53,December,106,2670.51
Accessories,Gloves,21.91,2024-01-01,Week 1,January,59,1292.52
Accessories,Gloves,21.91,2024-01-08,Week 2,January,61,1336.34
Accessories,Gloves,21.91,2024-01-15,Week 3,January,64,1402.06
Accessories,Gloves,21.91,2024-01-22,Week 4,January,61,1336.34
Accessories,Gloves,21.91,2024-01-29,Week 5,January,70,1533.5
Accessories,Gloves,21.91,2024-02-05,Week 6,February,48,1051.55
Accessories,Gloves,21.91,2024-02-12,Week 7,February,88,1927.83
Accessories,Gloves,21.91,2024-02-19,Week 8,February,74,1621.13
Accessories,Gloves,21.91,2024-02-26,Week 9,February,60,1314.43
Accessories,Gloves,21.91,2024-03-04,Week 10,March,33,722.94
Accessories,Gloves,21.91,2024-03-11,Week 11,March,21,460.05
Accessories,Gloves,21.91,2024-03-18,Week 12,March,41,898.2
Accessories,Gloves,21.91,2024-03-25,Week 13,March,53,1161.08
Accessories,Gloves,21.91,2024-04-01,Week 14,April,38,832.47
Accessories,Gloves,21.91,2024-04-08,Week 15,April,51,1117.27
Accessories,Gloves,21.91,2024-04-15,Week 16,April,65,1423.97
Accessories,Gloves,21.91,2024-04-22,Week 17,April,43,942.01
Accessories,Gloves,21.91,2024-04-29,Week 18,April,37,810.57
Accessories,Gloves,21.91,2024-05-06,Week 19,May,64,1402.06
Accessories,Gloves,21.91,2024-05-13,Week 20,May,77,1686.85
Accessories,Gloves,21.91,2024-05-20,Week 21,May,59,1292.52
Accessories,Gloves,21.91,2024-05-27,Week 22,May,67,1467.78
Accessories,Gloves,21.91,2024-06-03,Week 23,June,63,1380.15
Accessories,Gloves,21.91,2024-06-10,Week 24,June,119,2606.96
Accessories,Gloves,21.91,2024-06-17,Week 25,June,106,2322.16
Accessories,Gloves,21.91,2024-06-24,Week 26,June,56,1226.8
Accessories,Gloves,21.91,2024-07-01,Week 27,July,122,2672.68
Accessories,Gloves,21.91,2024-07-08,Week 28,July,48,1051.55
Accessories,Gloves,21.91,2024-07-15,Week 29,July,41,898.2
Accessories,Gloves,21.91,2024-07-22,Week 30,July,62,1358.25
Accessories,Gloves,21.91,2024-07-29,Week 31,July,58,1270.62
Accessories,Gloves,21.91,2024-08-05,Week 32,August,17,372.42
Accessories,Gloves,21.91,2024-08-12,Week 33,August,79,1730.67
Accessories,Gloves,21.91,2024-08-19,Week 34,August,68,1489.69
Accessories,Gloves,21.91,2024-08-26,Week 35,August,50,1095.36
Accessories,Gloves,21.91,2024-09-02,Week 36,September,46,1007.73
Accessories,Gloves,21.91,2024-09-09,Week 37,September,40,876.29
Accessories,Gloves,21.91,2024-09-16,Week 38,September,18,394.33
Accessories,Gloves,21.91,2024-09-23,Week 39,September,36,788.66
Accessories,Gloves,21.91,2024-09-30,Week 40,September,31,679.12
Accessories,Gloves,21.91,2024-10-07,Week 41,October,67,1467.78
Accessories,Gloves,21.91,2024-10-14,Week 42,October,41,898.2
Accessories,Gloves,21.91,2024-10-21,Week 43,October,52,1139.17
Accessories,Gloves,21.91,2024-10-28,Week 44,October,39,854.38
Accessories,Gloves,21.91,2024-11-04,Week 45,November,37,810.57
Accessories,Gloves,21.91,2024-11-11,Week 46,November,59,1292.52
Accessories,Gloves,21.91,2024-11-18,Week 47,November,58,1270.62
Accessories,Gloves,21.91,2024-11-25,Week 48,November,172,3768.04
Accessories,Gloves,21.91,2024-12-02,Week 49,December,109,2387.88
Accessories,Gloves,21.91,2024-12-09,Week 50,December,50,1095.36
Accessories,Gloves,21.91,2024-12-16,Week 51,December,87,1905.93
Accessories,Gloves,21.91,2024-12-23,Week 52,December,114,2497.42
Accessories,Gloves,21.91,2024-12-30,Week 53,December,174,3811.85
Accessories,Sunglasses,42.57,2024-01-01,Week 1,January,52,2213.62
Accessories,Sunglasses,42.57,2024-01-08,Week 2,January,59,2511.61
Accessories,Sunglasses,42.57,2024-01-15,Week 3,January,51,2171.05
Accessories,Sunglasses,42.57,2024-01-22,Week 4,January,75,3192.72
Accessories,Sunglasses,42.57,2024-01-29,Week 5,January,72,3065.01
Accessories,Sunglasses,42.57,2024-02-05,Week 6,February,16,681.11
Accessories,Sunglasses,42.57,2024-02-12,Week 7,February,58,2469.04
Accessories,Sunglasses,42.57,2024-02-19,Week 8,February,60,2554.18
Accessories,Sunglasses,42.57,2024-02-26,Week 9,February,52,2213.62
Accessories,Sunglasses,42.57,2024-03-04,Week 10,March,55,2341.33
Accessories,Sunglasses,42.57,2024-03-11,Week 11,March,52,2213.62
Accessories,Sunglasses,42.57,2024-03-18,Week 12,March,50,2128.48
Accessories,Sunglasses,42.57,2024-03-25,Week 13,March,58,2469.04
Accessories,Sunglasses,42.57,2024-04-01,Week 14,April,62,2639.31
Accessories,Sunglasses,42.57,2024-04-08,Week 15,April,40,1702.78
Accessories,Sunglasses,42.57,2024-04-15,Week 16,April,23,979.1
Accessories,Sunglasses,42.57,2024-04-22,Week 17,April,44,1873.06
Accessories,Sunglasses,42.57,2024-04-29,Week 18,April,44,1873.06
Accessories,Sunglasses,42.57,2024-05-06,Week 19,May,25,1064.24
Accessories,Sunglasses,42.57,2024-05-13,Week 20,May,73,3107.58
Accessories,Sunglasses,42.57,2024-05-20,Week 21,May,37,1575.07
Accessories,Sunglasses,42.57,2024-05-27,Week 22,May,68,2894.73
Accessories,Sunglasses,42.57,2024-06-03,Week 23,June,60,2554.18
Accessories,Sunglasses,42.57,2024-06-10,Week 24,June,41,1745.35
Accessories,Sunglasses,42.57,2024-06-17,Week 25,June,101,4299.53
Accessories,Sunglasses,42.57,2024-06-24,Week 26,June,86,3660.98
Accessories,Sunglasses,42.57,2024-07-01,Week 27,July,75,3192.72
Accessories,Sunglasses,42.57,2024-07-08,Week 28,July,63,2681.88
Accessories,Sunglasses,42.57,2024-07-15,Week 29,July,76,3235.29
Accessories,Sunglasses,42.57,2024-07-22,Week 30,July,89,3788.69
Accessories,Sunglasses,42.57,2024-07-29,Week 31,July,32,1362.23
Accessories,Sunglasses,42.57,2024-08-05,Week 32,August,34,1447.37
Accessories,Sunglasses,42.57,2024-08-12,Week 33,August,41,1745.35
Accessories,Sunglasses,42.57,2024-08-19,Week 34,August,42,1787.92
Accessories,Sunglasses,42.57,2024-08-26,Week 35,August,54,2298.76
Accessories,Sunglasses,42.57,2024-09-02,Week 36,September,64,2724.45
Accessories,Sunglasses,42.57,2024-09-09,Week 37,September,58,2469.04
Accessories,Sunglasses,42.57,2024-09-16,Week 38,September,25,1064.24
Accessories,Sunglasses,42.57,2024-09-23,Week 39,September,38,1617.64
Accessories,Sunglasses,42.57,2024-09-30,Week 40,September,37,1575.07
Accessories,Sunglasses,42.57,2024-10-07,Week 41,October,40,1702.78
Accessories,Sunglasses,42.57,2024-10-14,Week 42,October,36,1532.51
Accessories,Sunglasses,42.57,2024-10-21,Week 43,October,45,1915.63
Accessories,Sunglasses,42.57,2024-10-28,Week 44,October,55,2341.33
Accessories,Sunglasses,42.57,2024-11-04,Week 45,November,44,1873.06
Accessories,Sunglasses,42.57,2024-11-11,Week 46,November,45,1915.63
Accessories,Sunglasses,42.57,2024-11-18,Week 47,November,38,1617.64
Accessories,Sunglasses,42.57,2024-11-25,Week 48,November,91,3873.83
Accessories,Sunglasses,42.57,2024-12-02,Week 49,December,222,9450.45
Accessories,Sunglasses,42.57,2024-12-09,Week 50,December,81,3448.14
Accessories,Sunglasses,42.57,2024-12-16,Week 51,December,65,2767.02
Accessories,Sunglasses,42.57,2024-12-23,Week 52,December,106,4512.38
Accessories,Sunglasses,42.57,2024-12-30,Week 53,December,123,5236.06
